frame.time,ip.src,ip.dst,ip.proto,tcp.srcport,tcp.dstport,udp.srcport,udp.dstport,tcp.flags,tcp.flags.syn,tcp.flags.reset,frame.len,data.len,ip.ttl,tcp.window_size,tcp.ack,http.request.method,http.response.code
"Dec 31, 1969 18:00:00.002754000 CST",,,,,,,,,,,"64",,,,,,
"Dec 31, 1969 18:00:00.002804000 CST",,,,,,,,,,,"64",,,,,,
"Dec 31, 1969 18:00:00.003822000 CST",,,,,,,,,,,"14",,,,,,
"Dec 31, 1969 18:00:00.013028000 CST","192.168.1.4","192.168.1.1","17",,,"49153","9",,,,"1088",,"64",,,,
"Dec 31, 1969 18:00:00.013038000 CST",,,,,,,,,,,"14",,,,,,
"Dec 31, 1969 18:00:00.022078000 CST",,,,,,,,,,,"64",,,,,,
"Dec 31, 1969 18:00:00.023071000 CST",,,,,,,,,,,"64",,,,,,
"Dec 31, 1969 18:00:00.023081000 CST",,,,,,,,,,,"14",,,,,,
"Dec 31, 1969 18:00:00.023594000 CST","192.168.1.1","192.168.1.4","17",,,"9","49153",,,,"1088",,"64",,,,
"Dec 31, 1969 18:00:00.024791000 CST",,,,,,,,,,,"14",,,,,,
"Dec 31, 1969 18:00:00.101034000 CST","192.168.1.4","192.168.1.1","17",,,"49153","9",,,,"1088",,"64",,,,
"Dec 31, 1969 18:00:00.101044000 CST",,,,,,,,,,,"14",,,,,,
"Dec 31, 1969 18:00:00.101297000 CST","192.168.1.1","192.168.1.4","17",,,"9","49153",,,,"1088",,"64",,,,
"Dec 31, 1969 18:00:00.102494000 CST",,,,,,,,,,,"14",,,,,,
"Dec 31, 1969 18:00:00.201034000 CST","192.168.1.4","192.168.1.1","17",,,"49153","9",,,,"1088",,"64",,,,
"Dec 31, 1969 18:00:00.201044000 CST",,,,,,,,,,,"14",,,,,,
"Dec 31, 1969 18:00:00.201297000 CST","192.168.1.1","192.168.1.4","17",,,"9","49153",,,,"1088",,"64",,,,
"Dec 31, 1969 18:00:00.202494000 CST",,,,,,,,,,,"14",,,,,,
"Dec 31, 1969 18:00:00.301034000 CST","192.168.1.4","192.168.1.1","17",,,"49153","9",,,,"1088",,"64",,,,
"Dec 31, 1969 18:00:00.301044000 CST",,,,,,,,,,,"14",,,,,,
"Dec 31, 1969 18:00:00.301297000 CST","192.168.1.1","192.168.1.4","17",,,"9","49153",,,,"1088",,"64",,,,
"Dec 31, 1969 18:00:00.302494000 CST",,,,,,,,,,,"14",,,,,,
"Dec 31, 1969 18:00:00.401034000 CST","192.168.1.4","192.168.1.1","17",,,"49153","9",,,,"1088",,"64",,,,
"Dec 31, 1969 18:00:00.401044000 CST",,,,,,,,,,,"14",,,,,,
"Dec 31, 1969 18:00:00.401297000 CST","192.168.1.1","192.168.1.4","17",,,"9","49153",,,,"1088",,"64",,,,
"Dec 31, 1969 18:00:00.402494000 CST",,,,,,,,,,,"14",,,,,,
"Dec 31, 1969 18:00:00.501034000 CST","192.168.1.4","192.168.1.1","17",,,"49153","9",,,,"1088",,"64",,,,
"Dec 31, 1969 18:00:00.501044000 CST",,,,,,,,,,,"14",,,,,,
"Dec 31, 1969 18:00:00.501297000 CST","192.168.1.1","192.168.1.4","17",,,"9","49153",,,,"1088",,"64",,,,
"Dec 31, 1969 18:00:00.502494000 CST",,,,,,,,,,,"14",,,,,,
"Dec 31, 1969 18:00:00.601034000 CST","192.168.1.4","192.168.1.1","17",,,"49153","9",,,,"1088",,"64",,,,
"Dec 31, 1969 18:00:00.601044000 CST",,,,,,,,,,,"14",,,,,,
"Dec 31, 1969 18:00:00.601297000 CST","192.168.1.1","192.168.1.4","17",,,"9","49153",,,,"1088",,"64",,,,
"Dec 31, 1969 18:00:00.602494000 CST",,,,,,,,,,,"14",,,,,,
"Dec 31, 1969 18:00:00.701034000 CST","192.168.1.4","192.168.1.1","17",,,"49153","9",,,,"1088",,"64",,,,
"Dec 31, 1969 18:00:00.701044000 CST",,,,,,,,,,,"14",,,,,,
"Dec 31, 1969 18:00:00.701297000 CST","192.168.1.1","192.168.1.4","17",,,"9","49153",,,,"1088",,"64",,,,
"Dec 31, 1969 18:00:00.702494000 CST",,,,,,,,,,,"14",,,,,,
"Dec 31, 1969 18:00:00.801034000 CST","192.168.1.4","192.168.1.1","17",,,"49153","9",,,,"1088",,"64",,,,
"Dec 31, 1969 18:00:00.801044000 CST",,,,,,,,,,,"14",,,,,,
"Dec 31, 1969 18:00:00.801297000 CST","192.168.1.1","192.168.1.4","17",,,"9","49153",,,,"1088",,"64",,,,
"Dec 31, 1969 18:00:00.802494000 CST",,,,,,,,,,,"14",,,,,,
"Dec 31, 1969 18:00:00.901034000 CST","192.168.1.4","192.168.1.1","17",,,"49153","9",,,,"1088",,"64",,,,
"Dec 31, 1969 18:00:00.901044000 CST",,,,,,,,,,,"14",,,,,,
"Dec 31, 1969 18:00:00.901297000 CST","192.168.1.1","192.168.1.4","17",,,"9","49153",,,,"1088",,"64",,,,
"Dec 31, 1969 18:00:00.902494000 CST",,,,,,,,,,,"14",,,,,,
"Dec 31, 1969 18:00:01.002430000 CST","192.168.1.4","192.168.1.1","17",,,"49153","9",,,,"1088",,"64",,,,
"Dec 31, 1969 18:00:01.002440000 CST",,,,,,,,,,,"14",,,,,,
"Dec 31, 1969 18:00:01.002693000 CST","192.168.1.1","192.168.1.4","17",,,"9","49153",,,,"1088",,"64",,,,
"Dec 31, 1969 18:00:01.003890000 CST",,,,,,,,,,,"14",,,,,,
"Dec 31, 1969 18:00:01.004664000 CST",,,,,,,,,,,"64",,,,,,
"Dec 31, 1969 18:00:01.005578000 CST",,,,,,,,,,,"64",,,,,,
"Dec 31, 1969 18:00:01.006572000 CST",,,,,,,,,,,"64",,,,,,
"Dec 31, 1969 18:00:01.101034000 CST","192.168.1.4","192.168.1.1","17",,,"49153","9",,,,"1088",,"64",,,,
"Dec 31, 1969 18:00:01.101044000 CST",,,,,,,,,,,"14",,,,,,
"Dec 31, 1969 18:00:01.101297000 CST","192.168.1.1","192.168.1.4","17",,,"9","49153",,,,"1088",,"64",,,,
"Dec 31, 1969 18:00:01.102494000 CST",,,,,,,,,,,"14",,,,,,
"Dec 31, 1969 18:00:01.201034000 CST","192.168.1.4","192.168.1.1","17",,,"49153","9",,,,"1088",,"64",,,,
"Dec 31, 1969 18:00:01.201044000 CST",,,,,,,,,,,"14",,,,,,
"Dec 31, 1969 18:00:01.201297000 CST","192.168.1.1","192.168.1.4","17",,,"9","49153",,,,"1088",,"64",,,,
"Dec 31, 1969 18:00:01.202494000 CST",,,,,,,,,,,"14",,,,,,
"Dec 31, 1969 18:00:01.301034000 CST","192.168.1.4","192.168.1.1","17",,,"49153","9",,,,"1088",,"64",,,,
"Dec 31, 1969 18:00:01.301044000 CST",,,,,,,,,,,"14",,,,,,
"Dec 31, 1969 18:00:01.301297000 CST","192.168.1.1","192.168.1.4","17",,,"9","49153",,,,"1088",,"64",,,,
"Dec 31, 1969 18:00:01.302494000 CST",,,,,,,,,,,"14",,,,,,
"Dec 31, 1969 18:00:01.401034000 CST","192.168.1.4","192.168.1.1","17",,,"49153","9",,,,"1088",,"64",,,,
"Dec 31, 1969 18:00:01.401044000 CST",,,,,,,,,,,"14",,,,,,
"Dec 31, 1969 18:00:01.401297000 CST","192.168.1.1","192.168.1.4","17",,,"9","49153",,,,"1088",,"64",,,,
"Dec 31, 1969 18:00:01.402494000 CST",,,,,,,,,,,"14",,,,,,
"Dec 31, 1969 18:00:01.501034000 CST","192.168.1.4","192.168.1.1","17",,,"49153","9",,,,"1088",,"64",,,,
"Dec 31, 1969 18:00:01.501044000 CST",,,,,,,,,,,"14",,,,,,
"Dec 31, 1969 18:00:01.501297000 CST","192.168.1.1","192.168.1.4","17",,,"9","49153",,,,"1088",,"64",,,,
"Dec 31, 1969 18:00:01.502494000 CST",,,,,,,,,,,"14",,,,,,
"Dec 31, 1969 18:00:01.601034000 CST","192.168.1.4","192.168.1.1","17",,,"49153","9",,,,"1088",,"64",,,,
"Dec 31, 1969 18:00:01.601044000 CST",,,,,,,,,,,"14",,,,,,
"Dec 31, 1969 18:00:01.601297000 CST","192.168.1.1","192.168.1.4","17",,,"9","49153",,,,"1088",,"64",,,,
"Dec 31, 1969 18:00:01.602494000 CST",,,,,,,,,,,"14",,,,,,
"Dec 31, 1969 18:00:01.701034000 CST","192.168.1.4","192.168.1.1","17",,,"49153","9",,,,"1088",,"64",,,,
"Dec 31, 1969 18:00:01.701044000 CST",,,,,,,,,,,"14",,,,,,
"Dec 31, 1969 18:00:01.701297000 CST","192.168.1.1","192.168.1.4","17",,,"9","49153",,,,"1088",,"64",,,,
"Dec 31, 1969 18:00:01.702494000 CST",,,,,,,,,,,"14",,,,,,
"Dec 31, 1969 18:00:01.801034000 CST","192.168.1.4","192.168.1.1","17",,,"49153","9",,,,"1088",,"64",,,,
"Dec 31, 1969 18:00:01.801044000 CST",,,,,,,,,,,"14",,,,,,
"Dec 31, 1969 18:00:01.801297000 CST","192.168.1.1","192.168.1.4","17",,,"9","49153",,,,"1088",,"64",,,,
"Dec 31, 1969 18:00:01.802494000 CST",,,,,,,,,,,"14",,,,,,
"Dec 31, 1969 18:00:01.901034000 CST","192.168.1.4","192.168.1.1","17",,,"49153","9",,,,"1088",,"64",,,,
"Dec 31, 1969 18:00:01.901044000 CST",,,,,,,,,,,"14",,,,,,
"Dec 31, 1969 18:00:01.901297000 CST","192.168.1.1","192.168.1.4","17",,,"9","49153",,,,"1088",,"64",,,,
"Dec 31, 1969 18:00:01.902494000 CST",,,,,,,,,,,"14",,,,,,
"Dec 31, 1969 18:00:02.003130000 CST","192.168.1.4","192.168.1.1","17",,,"49153","9",,,,"1088",,"64",,,,
"Dec 31, 1969 18:00:02.003140000 CST",,,,,,,,,,,"14",,,,,,
"Dec 31, 1969 18:00:02.003393000 CST","192.168.1.1","192.168.1.4","17",,,"9","49153",,,,"1088",,"64",,,,
"Dec 31, 1969 18:00:02.004590000 CST",,,,,,,,,,,"14",,,,,,
"Dec 31, 1969 18:00:02.101034000 CST","192.168.1.4","192.168.1.1","17",,,"49153","9",,,,"1088",,"64",,,,
"Dec 31, 1969 18:00:02.101044000 CST",,,,,,,,,,,"14",,,,,,
"Dec 31, 1969 18:00:02.101297000 CST","192.168.1.1","192.168.1.4","17",,,"9","49153",,,,"1088",,"64",,,,
"Dec 31, 1969 18:00:02.102494000 CST",,,,,,,,,,,"14",,,,,,
"Dec 31, 1969 18:00:02.201034000 CST","192.168.1.4","192.168.1.1","17",,,"49153","9",,,,"1088",,"64",,,,
"Dec 31, 1969 18:00:02.201044000 CST",,,,,,,,,,,"14",,,,,,
"Dec 31, 1969 18:00:02.201297000 CST","192.168.1.1","192.168.1.4","17",,,"9","49153",,,,"1088",,"64",,,,
"Dec 31, 1969 18:00:02.202494000 CST",,,,,,,,,,,"14",,,,,,
"Dec 31, 1969 18:00:02.301034000 CST","192.168.1.4","192.168.1.1","17",,,"49153","9",,,,"1088",,"64",,,,
"Dec 31, 1969 18:00:02.301044000 CST",,,,,,,,,,,"14",,,,,,
"Dec 31, 1969 18:00:02.301297000 CST","192.168.1.1","192.168.1.4","17",,,"9","49153",,,,"1088",,"64",,,,
"Dec 31, 1969 18:00:02.302494000 CST",,,,,,,,,,,"14",,,,,,
"Dec 31, 1969 18:00:02.401034000 CST","192.168.1.4","192.168.1.1","17",,,"49153","9",,,,"1088",,"64",,,,
"Dec 31, 1969 18:00:02.401044000 CST",,,,,,,,,,,"14",,,,,,
"Dec 31, 1969 18:00:02.401297000 CST","192.168.1.1","192.168.1.4","17",,,"9","49153",,,,"1088",,"64",,,,
"Dec 31, 1969 18:00:02.402494000 CST",,,,,,,,,,,"14",,,,,,
"Dec 31, 1969 18:00:02.501034000 CST","192.168.1.4","192.168.1.1","17",,,"49153","9",,,,"1088",,"64",,,,
"Dec 31, 1969 18:00:02.501044000 CST",,,,,,,,,,,"14",,,,,,
"Dec 31, 1969 18:00:02.501297000 CST","192.168.1.1","192.168.1.4","17",,,"9","49153",,,,"1088",,"64",,,,
"Dec 31, 1969 18:00:02.502494000 CST",,,,,,,,,,,"14",,,,,,
"Dec 31, 1969 18:00:02.601034000 CST","192.168.1.4","192.168.1.1","17",,,"49153","9",,,,"1088",,"64",,,,
"Dec 31, 1969 18:00:02.601044000 CST",,,,,,,,,,,"14",,,,,,
"Dec 31, 1969 18:00:02.601297000 CST","192.168.1.1","192.168.1.4","17",,,"9","49153",,,,"1088",,"64",,,,
"Dec 31, 1969 18:00:02.602494000 CST",,,,,,,,,,,"14",,,,,,
"Dec 31, 1969 18:00:02.701034000 CST","192.168.1.4","192.168.1.1","17",,,"49153","9",,,,"1088",,"64",,,,
"Dec 31, 1969 18:00:02.701044000 CST",,,,,,,,,,,"14",,,,,,
"Dec 31, 1969 18:00:02.701297000 CST","192.168.1.1","192.168.1.4","17",,,"9","49153",,,,"1088",,"64",,,,
"Dec 31, 1969 18:00:02.702494000 CST",,,,,,,,,,,"14",,,,,,
"Dec 31, 1969 18:00:02.801034000 CST","192.168.1.4","192.168.1.1","17",,,"49153","9",,,,"1088",,"64",,,,
"Dec 31, 1969 18:00:02.801044000 CST",,,,,,,,,,,"14",,,,,,
"Dec 31, 1969 18:00:02.801297000 CST","192.168.1.1","192.168.1.4","17",,,"9","49153",,,,"1088",,"64",,,,
"Dec 31, 1969 18:00:02.802494000 CST",,,,,,,,,,,"14",,,,,,
"Dec 31, 1969 18:00:02.901034000 CST","192.168.1.4","192.168.1.1","17",,,"49153","9",,,,"1088",,"64",,,,
"Dec 31, 1969 18:00:02.901044000 CST",,,,,,,,,,,"14",,,,,,
"Dec 31, 1969 18:00:02.901297000 CST","192.168.1.1","192.168.1.4","17",,,"9","49153",,,,"1088",,"64",,,,
"Dec 31, 1969 18:00:02.902494000 CST",,,,,,,,,,,"14",,,,,,
"Dec 31, 1969 18:00:03.002430000 CST","192.168.1.4","192.168.1.1","17",,,"49153","9",,,,"1088",,"64",,,,
"Dec 31, 1969 18:00:03.002440000 CST",,,,,,,,,,,"14",,,,,,
"Dec 31, 1969 18:00:03.002693000 CST","192.168.1.1","192.168.1.4","17",,,"9","49153",,,,"1088",,"64",,,,
"Dec 31, 1969 18:00:03.003890000 CST",,,,,,,,,,,"14",,,,,,
"Dec 31, 1969 18:00:03.101034000 CST","192.168.1.4","192.168.1.1","17",,,"49153","9",,,,"1088",,"64",,,,
"Dec 31, 1969 18:00:03.101044000 CST",,,,,,,,,,,"14",,,,,,
"Dec 31, 1969 18:00:03.101297000 CST","192.168.1.1","192.168.1.4","17",,,"9","49153",,,,"1088",,"64",,,,
"Dec 31, 1969 18:00:03.102494000 CST",,,,,,,,,,,"14",,,,,,
"Dec 31, 1969 18:00:03.201034000 CST","192.168.1.4","192.168.1.1","17",,,"49153","9",,,,"1088",,"64",,,,
"Dec 31, 1969 18:00:03.201044000 CST",,,,,,,,,,,"14",,,,,,
"Dec 31, 1969 18:00:03.201297000 CST","192.168.1.1","192.168.1.4","17",,,"9","49153",,,,"1088",,"64",,,,
"Dec 31, 1969 18:00:03.202494000 CST",,,,,,,,,,,"14",,,,,,
"Dec 31, 1969 18:00:03.301034000 CST","192.168.1.4","192.168.1.1","17",,,"49153","9",,,,"1088",,"64",,,,
"Dec 31, 1969 18:00:03.301044000 CST",,,,,,,,,,,"14",,,,,,
"Dec 31, 1969 18:00:03.301297000 CST","192.168.1.1","192.168.1.4","17",,,"9","49153",,,,"1088",,"64",,,,
"Dec 31, 1969 18:00:03.302494000 CST",,,,,,,,,,,"14",,,,,,
"Dec 31, 1969 18:00:03.401034000 CST","192.168.1.4","192.168.1.1","17",,,"49153","9",,,,"1088",,"64",,,,
"Dec 31, 1969 18:00:03.401044000 CST",,,,,,,,,,,"14",,,,,,
"Dec 31, 1969 18:00:03.401297000 CST","192.168.1.1","192.168.1.4","17",,,"9","49153",,,,"1088",,"64",,,,
"Dec 31, 1969 18:00:03.402494000 CST",,,,,,,,,,,"14",,,,,,
"Dec 31, 1969 18:00:03.501034000 CST","192.168.1.4","192.168.1.1","17",,,"49153","9",,,,"1088",,"64",,,,
"Dec 31, 1969 18:00:03.501044000 CST",,,,,,,,,,,"14",,,,,,
"Dec 31, 1969 18:00:03.501297000 CST","192.168.1.1","192.168.1.4","17",,,"9","49153",,,,"1088",,"64",,,,
"Dec 31, 1969 18:00:03.502494000 CST",,,,,,,,,,,"14",,,,,,
"Dec 31, 1969 18:00:03.601034000 CST","192.168.1.4","192.168.1.1","17",,,"49153","9",,,,"1088",,"64",,,,
"Dec 31, 1969 18:00:03.601044000 CST",,,,,,,,,,,"14",,,,,,
"Dec 31, 1969 18:00:03.601297000 CST","192.168.1.1","192.168.1.4","17",,,"9","49153",,,,"1088",,"64",,,,
"Dec 31, 1969 18:00:03.602494000 CST",,,,,,,,,,,"14",,,,,,
"Dec 31, 1969 18:00:03.701034000 CST","192.168.1.4","192.168.1.1","17",,,"49153","9",,,,"1088",,"64",,,,
"Dec 31, 1969 18:00:03.701044000 CST",,,,,,,,,,,"14",,,,,,
"Dec 31, 1969 18:00:03.701297000 CST","192.168.1.1","192.168.1.4","17",,,"9","49153",,,,"1088",,"64",,,,
"Dec 31, 1969 18:00:03.702494000 CST",,,,,,,,,,,"14",,,,,,
"Dec 31, 1969 18:00:03.801034000 CST","192.168.1.4","192.168.1.1","17",,,"49153","9",,,,"1088",,"64",,,,
"Dec 31, 1969 18:00:03.801044000 CST",,,,,,,,,,,"14",,,,,,
"Dec 31, 1969 18:00:03.801297000 CST","192.168.1.1","192.168.1.4","17",,,"9","49153",,,,"1088",,"64",,,,
"Dec 31, 1969 18:00:03.802494000 CST",,,,,,,,,,,"14",,,,,,
"Dec 31, 1969 18:00:03.901034000 CST","192.168.1.4","192.168.1.1","17",,,"49153","9",,,,"1088",,"64",,,,
"Dec 31, 1969 18:00:03.901044000 CST",,,,,,,,,,,"14",,,,,,
"Dec 31, 1969 18:00:03.901297000 CST","192.168.1.1","192.168.1.4","17",,,"9","49153",,,,"1088",,"64",,,,
"Dec 31, 1969 18:00:03.902494000 CST",,,,,,,,,,,"14",,,,,,
"Dec 31, 1969 18:00:04.002970000 CST","192.168.1.4","192.168.1.1","17",,,"49153","9",,,,"1088",,"64",,,,
"Dec 31, 1969 18:00:04.002980000 CST",,,,,,,,,,,"14",,,,,,
"Dec 31, 1969 18:00:04.003233000 CST","192.168.1.1","192.168.1.4","17",,,"9","49153",,,,"1088",,"64",,,,
"Dec 31, 1969 18:00:04.004430000 CST",,,,,,,,,,,"14",,,,,,
"Dec 31, 1969 18:00:04.101034000 CST","192.168.1.4","192.168.1.1","17",,,"49153","9",,,,"1088",,"64",,,,
"Dec 31, 1969 18:00:04.101044000 CST",,,,,,,,,,,"14",,,,,,
"Dec 31, 1969 18:00:04.101297000 CST","192.168.1.1","192.168.1.4","17",,,"9","49153",,,,"1088",,"64",,,,
"Dec 31, 1969 18:00:04.102494000 CST",,,,,,,,,,,"14",,,,,,
"Dec 31, 1969 18:00:04.201034000 CST","192.168.1.4","192.168.1.1","17",,,"49153","9",,,,"1088",,"64",,,,
"Dec 31, 1969 18:00:04.201044000 CST",,,,,,,,,,,"14",,,,,,
"Dec 31, 1969 18:00:04.201297000 CST","192.168.1.1","192.168.1.4","17",,,"9","49153",,,,"1088",,"64",,,,
"Dec 31, 1969 18:00:04.202494000 CST",,,,,,,,,,,"14",,,,,,
"Dec 31, 1969 18:00:04.301034000 CST","192.168.1.4","192.168.1.1","17",,,"49153","9",,,,"1088",,"64",,,,
"Dec 31, 1969 18:00:04.301044000 CST",,,,,,,,,,,"14",,,,,,
"Dec 31, 1969 18:00:04.301297000 CST","192.168.1.1","192.168.1.4","17",,,"9","49153",,,,"1088",,"64",,,,
"Dec 31, 1969 18:00:04.302494000 CST",,,,,,,,,,,"14",,,,,,
"Dec 31, 1969 18:00:04.401034000 CST","192.168.1.4","192.168.1.1","17",,,"49153","9",,,,"1088",,"64",,,,
"Dec 31, 1969 18:00:04.401044000 CST",,,,,,,,,,,"14",,,,,,
"Dec 31, 1969 18:00:04.401297000 CST","192.168.1.1","192.168.1.4","17",,,"9","49153",,,,"1088",,"64",,,,
"Dec 31, 1969 18:00:04.402494000 CST",,,,,,,,,,,"14",,,,,,
"Dec 31, 1969 18:00:04.501034000 CST","192.168.1.4","192.168.1.1","17",,,"49153","9",,,,"1088",,"64",,,,
"Dec 31, 1969 18:00:04.501044000 CST",,,,,,,,,,,"14",,,,,,
"Dec 31, 1969 18:00:04.501297000 CST","192.168.1.1","192.168.1.4","17",,,"9","49153",,,,"1088",,"64",,,,
"Dec 31, 1969 18:00:04.502494000 CST",,,,,,,,,,,"14",,,,,,
"Dec 31, 1969 18:00:04.601034000 CST","192.168.1.4","192.168.1.1","17",,,"49153","9",,,,"1088",,"64",,,,
"Dec 31, 1969 18:00:04.601044000 CST",,,,,,,,,,,"14",,,,,,
"Dec 31, 1969 18:00:04.601297000 CST","192.168.1.1","192.168.1.4","17",,,"9","49153",,,,"1088",,"64",,,,
"Dec 31, 1969 18:00:04.602494000 CST",,,,,,,,,,,"14",,,,,,
"Dec 31, 1969 18:00:04.701034000 CST","192.168.1.4","192.168.1.1","17",,,"49153","9",,,,"1088",,"64",,,,
"Dec 31, 1969 18:00:04.701044000 CST",,,,,,,,,,,"14",,,,,,
"Dec 31, 1969 18:00:04.701297000 CST","192.168.1.1","192.168.1.4","17",,,"9","49153",,,,"1088",,"64",,,,
"Dec 31, 1969 18:00:04.702494000 CST",,,,,,,,,,,"14",,,,,,
"Dec 31, 1969 18:00:04.801034000 CST","192.168.1.4","192.168.1.1","17",,,"49153","9",,,,"1088",,"64",,,,
"Dec 31, 1969 18:00:04.801044000 CST",,,,,,,,,,,"14",,,,,,
"Dec 31, 1969 18:00:04.801297000 CST","192.168.1.1","192.168.1.4","17",,,"9","49153",,,,"1088",,"64",,,,
"Dec 31, 1969 18:00:04.802494000 CST",,,,,,,,,,,"14",,,,,,
"Dec 31, 1969 18:00:04.901034000 CST","192.168.1.4","192.168.1.1","17",,,"49153","9",,,,"1088",,"64",,,,
"Dec 31, 1969 18:00:04.901044000 CST",,,,,,,,,,,"14",,,,,,
"Dec 31, 1969 18:00:04.901297000 CST","192.168.1.1","192.168.1.4","17",,,"9","49153",,,,"1088",,"64",,,,
"Dec 31, 1969 18:00:04.902494000 CST",,,,,,,,,,,"14",,,,,,
"Dec 31, 1969 18:00:05.001034000 CST","192.168.1.4","192.168.1.1","17",,,"49153","9",,,,"1088",,"64",,,,
"Dec 31, 1969 18:00:05.001044000 CST",,,,,,,,,,,"14",,,,,,
"Dec 31, 1969 18:00:05.001297000 CST","192.168.1.1","192.168.1.4","17",,,"9","49153",,,,"1088",,"64",,,,
"Dec 31, 1969 18:00:05.002494000 CST",,,,,,,,,,,"14",,,,,,
"Dec 31, 1969 18:00:05.101034000 CST","192.168.1.4","192.168.1.1","17",,,"49153","9",,,,"1088",,"64",,,,
"Dec 31, 1969 18:00:05.101044000 CST",,,,,,,,,,,"14",,,,,,
"Dec 31, 1969 18:00:05.101297000 CST","192.168.1.1","192.168.1.4","17",,,"9","49153",,,,"1088",,"64",,,,
"Dec 31, 1969 18:00:05.102494000 CST",,,,,,,,,,,"14",,,,,,
"Dec 31, 1969 18:00:05.201034000 CST","192.168.1.4","192.168.1.1","17",,,"49153","9",,,,"1088",,"64",,,,
"Dec 31, 1969 18:00:05.201044000 CST",,,,,,,,,,,"14",,,,,,
"Dec 31, 1969 18:00:05.201297000 CST","192.168.1.1","192.168.1.4","17",,,"9","49153",,,,"1088",,"64",,,,
"Dec 31, 1969 18:00:05.202494000 CST",,,,,,,,,,,"14",,,,,,
"Dec 31, 1969 18:00:05.301034000 CST","192.168.1.4","192.168.1.1","17",,,"49153","9",,,,"1088",,"64",,,,
"Dec 31, 1969 18:00:05.301044000 CST",,,,,,,,,,,"14",,,,,,
"Dec 31, 1969 18:00:05.301297000 CST","192.168.1.1","192.168.1.4","17",,,"9","49153",,,,"1088",,"64",,,,
"Dec 31, 1969 18:00:05.302494000 CST",,,,,,,,,,,"14",,,,,,
"Dec 31, 1969 18:00:05.401034000 CST","192.168.1.4","192.168.1.1","17",,,"49153","9",,,,"1088",,"64",,,,
"Dec 31, 1969 18:00:05.401044000 CST",,,,,,,,,,,"14",,,,,,
"Dec 31, 1969 18:00:05.401297000 CST","192.168.1.1","192.168.1.4","17",,,"9","49153",,,,"1088",,"64",,,,
"Dec 31, 1969 18:00:05.402494000 CST",,,,,,,,,,,"14",,,,,,
"Dec 31, 1969 18:00:05.501034000 CST","192.168.1.4","192.168.1.1","17",,,"49153","9",,,,"1088",,"64",,,,
"Dec 31, 1969 18:00:05.501044000 CST",,,,,,,,,,,"14",,,,,,
"Dec 31, 1969 18:00:05.501297000 CST","192.168.1.1","192.168.1.4","17",,,"9","49153",,,,"1088",,"64",,,,
"Dec 31, 1969 18:00:05.502494000 CST",,,,,,,,,,,"14",,,,,,
"Dec 31, 1969 18:00:05.601034000 CST","192.168.1.4","192.168.1.1","17",,,"49153","9",,,,"1088",,"64",,,,
"Dec 31, 1969 18:00:05.601044000 CST",,,,,,,,,,,"14",,,,,,
"Dec 31, 1969 18:00:05.601297000 CST","192.168.1.1","192.168.1.4","17",,,"9","49153",,,,"1088",,"64",,,,
"Dec 31, 1969 18:00:05.602494000 CST",,,,,,,,,,,"14",,,,,,
"Dec 31, 1969 18:00:05.701034000 CST","192.168.1.4","192.168.1.1","17",,,"49153","9",,,,"1088",,"64",,,,
"Dec 31, 1969 18:00:05.701044000 CST",,,,,,,,,,,"14",,,,,,
"Dec 31, 1969 18:00:05.701297000 CST","192.168.1.1","192.168.1.4","17",,,"9","49153",,,,"1088",,"64",,,,
"Dec 31, 1969 18:00:05.702494000 CST",,,,,,,,,,,"14",,,,,,
"Dec 31, 1969 18:00:05.801034000 CST","192.168.1.4","192.168.1.1","17",,,"49153","9",,,,"1088",,"64",,,,
"Dec 31, 1969 18:00:05.801044000 CST",,,,,,,,,,,"14",,,,,,
"Dec 31, 1969 18:00:05.801297000 CST","192.168.1.1","192.168.1.4","17",,,"9","49153",,,,"1088",,"64",,,,
"Dec 31, 1969 18:00:05.802494000 CST",,,,,,,,,,,"14",,,,,,
"Dec 31, 1969 18:00:05.901034000 CST","192.168.1.4","192.168.1.1","17",,,"49153","9",,,,"1088",,"64",,,,
"Dec 31, 1969 18:00:05.901044000 CST",,,,,,,,,,,"14",,,,,,
"Dec 31, 1969 18:00:05.901297000 CST","192.168.1.1","192.168.1.4","17",,,"9","49153",,,,"1088",,"64",,,,
"Dec 31, 1969 18:00:05.902494000 CST",,,,,,,,,,,"14",,,,,,
"Dec 31, 1969 18:00:06.001034000 CST","192.168.1.4","192.168.1.1","17",,,"49153","9",,,,"1088",,"64",,,,
"Dec 31, 1969 18:00:06.001044000 CST",,,,,,,,,,,"14",,,,,,
"Dec 31, 1969 18:00:06.001297000 CST","192.168.1.1","192.168.1.4","17",,,"9","49153",,,,"1088",,"64",,,,
"Dec 31, 1969 18:00:06.002494000 CST",,,,,,,,,,,"14",,,,,,
"Dec 31, 1969 18:00:06.101034000 CST","192.168.1.4","192.168.1.1","17",,,"49153","9",,,,"1088",,"64",,,,
"Dec 31, 1969 18:00:06.101044000 CST",,,,,,,,,,,"14",,,,,,
"Dec 31, 1969 18:00:06.101297000 CST","192.168.1.1","192.168.1.4","17",,,"9","49153",,,,"1088",,"64",,,,
"Dec 31, 1969 18:00:06.102494000 CST",,,,,,,,,,,"14",,,,,,
"Dec 31, 1969 18:00:06.201034000 CST","192.168.1.4","192.168.1.1","17",,,"49153","9",,,,"1088",,"64",,,,
"Dec 31, 1969 18:00:06.201044000 CST",,,,,,,,,,,"14",,,,,,
"Dec 31, 1969 18:00:06.201297000 CST","192.168.1.1","192.168.1.4","17",,,"9","49153",,,,"1088",,"64",,,,
"Dec 31, 1969 18:00:06.202494000 CST",,,,,,,,,,,"14",,,,,,
"Dec 31, 1969 18:00:06.301034000 CST","192.168.1.4","192.168.1.1","17",,,"49153","9",,,,"1088",,"64",,,,
"Dec 31, 1969 18:00:06.301044000 CST",,,,,,,,,,,"14",,,,,,
"Dec 31, 1969 18:00:06.301297000 CST","192.168.1.1","192.168.1.4","17",,,"9","49153",,,,"1088",,"64",,,,
"Dec 31, 1969 18:00:06.302494000 CST",,,,,,,,,,,"14",,,,,,
"Dec 31, 1969 18:00:06.401034000 CST","192.168.1.4","192.168.1.1","17",,,"49153","9",,,,"1088",,"64",,,,
"Dec 31, 1969 18:00:06.401044000 CST",,,,,,,,,,,"14",,,,,,
"Dec 31, 1969 18:00:06.401297000 CST","192.168.1.1","192.168.1.4","17",,,"9","49153",,,,"1088",,"64",,,,
"Dec 31, 1969 18:00:06.402494000 CST",,,,,,,,,,,"14",,,,,,
"Dec 31, 1969 18:00:06.501034000 CST","192.168.1.4","192.168.1.1","17",,,"49153","9",,,,"1088",,"64",,,,
"Dec 31, 1969 18:00:06.501044000 CST",,,,,,,,,,,"14",,,,,,
"Dec 31, 1969 18:00:06.501297000 CST","192.168.1.1","192.168.1.4","17",,,"9","49153",,,,"1088",,"64",,,,
"Dec 31, 1969 18:00:06.502494000 CST",,,,,,,,,,,"14",,,,,,
"Dec 31, 1969 18:00:06.601034000 CST","192.168.1.4","192.168.1.1","17",,,"49153","9",,,,"1088",,"64",,,,
"Dec 31, 1969 18:00:06.601044000 CST",,,,,,,,,,,"14",,,,,,
"Dec 31, 1969 18:00:06.601297000 CST","192.168.1.1","192.168.1.4","17",,,"9","49153",,,,"1088",,"64",,,,
"Dec 31, 1969 18:00:06.602494000 CST",,,,,,,,,,,"14",,,,,,
"Dec 31, 1969 18:00:06.701034000 CST","192.168.1.4","192.168.1.1","17",,,"49153","9",,,,"1088",,"64",,,,
"Dec 31, 1969 18:00:06.701044000 CST",,,,,,,,,,,"14",,,,,,
"Dec 31, 1969 18:00:06.701297000 CST","192.168.1.1","192.168.1.4","17",,,"9","49153",,,,"1088",,"64",,,,
"Dec 31, 1969 18:00:06.702494000 CST",,,,,,,,,,,"14",,,,,,
"Dec 31, 1969 18:00:06.801034000 CST","192.168.1.4","192.168.1.1","17",,,"49153","9",,,,"1088",,"64",,,,
"Dec 31, 1969 18:00:06.801044000 CST",,,,,,,,,,,"14",,,,,,
"Dec 31, 1969 18:00:06.801297000 CST","192.168.1.1","192.168.1.4","17",,,"9","49153",,,,"1088",,"64",,,,
"Dec 31, 1969 18:00:06.802494000 CST",,,,,,,,,,,"14",,,,,,
"Dec 31, 1969 18:00:06.901034000 CST","192.168.1.4","192.168.1.1","17",,,"49153","9",,,,"1088",,"64",,,,
"Dec 31, 1969 18:00:06.901044000 CST",,,,,,,,,,,"14",,,,,,
"Dec 31, 1969 18:00:06.901297000 CST","192.168.1.1","192.168.1.4","17",,,"9","49153",,,,"1088",,"64",,,,
"Dec 31, 1969 18:00:06.902494000 CST",,,,,,,,,,,"14",,,,,,
"Dec 31, 1969 18:00:07.001034000 CST","192.168.1.4","192.168.1.1","17",,,"49153","9",,,,"1088",,"64",,,,
"Dec 31, 1969 18:00:07.001044000 CST",,,,,,,,,,,"14",,,,,,
"Dec 31, 1969 18:00:07.001297000 CST","192.168.1.1","192.168.1.4","17",,,"9","49153",,,,"1088",,"64",,,,
"Dec 31, 1969 18:00:07.002494000 CST",,,,,,,,,,,"14",,,,,,
"Dec 31, 1969 18:00:07.101034000 CST","192.168.1.4","192.168.1.1","17",,,"49153","9",,,,"1088",,"64",,,,
"Dec 31, 1969 18:00:07.101044000 CST",,,,,,,,,,,"14",,,,,,
"Dec 31, 1969 18:00:07.101297000 CST","192.168.1.1","192.168.1.4","17",,,"9","49153",,,,"1088",,"64",,,,
"Dec 31, 1969 18:00:07.102494000 CST",,,,,,,,,,,"14",,,,,,
"Dec 31, 1969 18:00:07.201034000 CST","192.168.1.4","192.168.1.1","17",,,"49153","9",,,,"1088",,"64",,,,
"Dec 31, 1969 18:00:07.201044000 CST",,,,,,,,,,,"14",,,,,,
"Dec 31, 1969 18:00:07.201297000 CST","192.168.1.1","192.168.1.4","17",,,"9","49153",,,,"1088",,"64",,,,
"Dec 31, 1969 18:00:07.202494000 CST",,,,,,,,,,,"14",,,,,,
"Dec 31, 1969 18:00:07.301034000 CST","192.168.1.4","192.168.1.1","17",,,"49153","9",,,,"1088",,"64",,,,
"Dec 31, 1969 18:00:07.301044000 CST",,,,,,,,,,,"14",,,,,,
"Dec 31, 1969 18:00:07.301297000 CST","192.168.1.1","192.168.1.4","17",,,"9","49153",,,,"1088",,"64",,,,
"Dec 31, 1969 18:00:07.302494000 CST",,,,,,,,,,,"14",,,,,,
"Dec 31, 1969 18:00:07.401034000 CST","192.168.1.4","192.168.1.1","17",,,"49153","9",,,,"1088",,"64",,,,
"Dec 31, 1969 18:00:07.401044000 CST",,,,,,,,,,,"14",,,,,,
"Dec 31, 1969 18:00:07.401297000 CST","192.168.1.1","192.168.1.4","17",,,"9","49153",,,,"1088",,"64",,,,
"Dec 31, 1969 18:00:07.402494000 CST",,,,,,,,,,,"14",,,,,,
"Dec 31, 1969 18:00:07.501034000 CST","192.168.1.4","192.168.1.1","17",,,"49153","9",,,,"1088",,"64",,,,
"Dec 31, 1969 18:00:07.501044000 CST",,,,,,,,,,,"14",,,,,,
"Dec 31, 1969 18:00:07.501297000 CST","192.168.1.1","192.168.1.4","17",,,"9","49153",,,,"1088",,"64",,,,
"Dec 31, 1969 18:00:07.502494000 CST",,,,,,,,,,,"14",,,,,,
"Dec 31, 1969 18:00:07.601034000 CST","192.168.1.4","192.168.1.1","17",,,"49153","9",,,,"1088",,"64",,,,
"Dec 31, 1969 18:00:07.601044000 CST",,,,,,,,,,,"14",,,,,,
"Dec 31, 1969 18:00:07.601297000 CST","192.168.1.1","192.168.1.4","17",,,"9","49153",,,,"1088",,"64",,,,
"Dec 31, 1969 18:00:07.602494000 CST",,,,,,,,,,,"14",,,,,,
"Dec 31, 1969 18:00:07.701034000 CST","192.168.1.4","192.168.1.1","17",,,"49153","9",,,,"1088",,"64",,,,
"Dec 31, 1969 18:00:07.701044000 CST",,,,,,,,,,,"14",,,,,,
"Dec 31, 1969 18:00:07.701297000 CST","192.168.1.1","192.168.1.4","17",,,"9","49153",,,,"1088",,"64",,,,
"Dec 31, 1969 18:00:07.702494000 CST",,,,,,,,,,,"14",,,,,,
"Dec 31, 1969 18:00:07.801034000 CST","192.168.1.4","192.168.1.1","17",,,"49153","9",,,,"1088",,"64",,,,
"Dec 31, 1969 18:00:07.801044000 CST",,,,,,,,,,,"14",,,,,,
"Dec 31, 1969 18:00:07.801297000 CST","192.168.1.1","192.168.1.4","17",,,"9","49153",,,,"1088",,"64",,,,
"Dec 31, 1969 18:00:07.802494000 CST",,,,,,,,,,,"14",,,,,,
"Dec 31, 1969 18:00:07.901034000 CST","192.168.1.4","192.168.1.1","17",,,"49153","9",,,,"1088",,"64",,,,
"Dec 31, 1969 18:00:07.901044000 CST",,,,,,,,,,,"14",,,,,,
"Dec 31, 1969 18:00:07.901297000 CST","192.168.1.1","192.168.1.4","17",,,"9","49153",,,,"1088",,"64",,,,
"Dec 31, 1969 18:00:07.902494000 CST",,,,,,,,,,,"14",,,,,,
"Dec 31, 1969 18:00:08.001034000 CST","192.168.1.4","192.168.1.1","17",,,"49153","9",,,,"1088",,"64",,,,
"Dec 31, 1969 18:00:08.001044000 CST",,,,,,,,,,,"14",,,,,,
"Dec 31, 1969 18:00:08.001297000 CST","192.168.1.1","192.168.1.4","17",,,"9","49153",,,,"1088",,"64",,,,
"Dec 31, 1969 18:00:08.002494000 CST",,,,,,,,,,,"14",,,,,,
"Dec 31, 1969 18:00:08.101034000 CST","192.168.1.4","192.168.1.1","17",,,"49153","9",,,,"1088",,"64",,,,
"Dec 31, 1969 18:00:08.101044000 CST",,,,,,,,,,,"14",,,,,,
"Dec 31, 1969 18:00:08.101297000 CST","192.168.1.1","192.168.1.4","17",,,"9","49153",,,,"1088",,"64",,,,
"Dec 31, 1969 18:00:08.102494000 CST",,,,,,,,,,,"14",,,,,,
"Dec 31, 1969 18:00:08.201034000 CST","192.168.1.4","192.168.1.1","17",,,"49153","9",,,,"1088",,"64",,,,
"Dec 31, 1969 18:00:08.201044000 CST",,,,,,,,,,,"14",,,,,,
"Dec 31, 1969 18:00:08.201297000 CST","192.168.1.1","192.168.1.4","17",,,"9","49153",,,,"1088",,"64",,,,
"Dec 31, 1969 18:00:08.202494000 CST",,,,,,,,,,,"14",,,,,,
"Dec 31, 1969 18:00:08.301034000 CST","192.168.1.4","192.168.1.1","17",,,"49153","9",,,,"1088",,"64",,,,
"Dec 31, 1969 18:00:08.301044000 CST",,,,,,,,,,,"14",,,,,,
"Dec 31, 1969 18:00:08.301297000 CST","192.168.1.1","192.168.1.4","17",,,"9","49153",,,,"1088",,"64",,,,
"Dec 31, 1969 18:00:08.302494000 CST",,,,,,,,,,,"14",,,,,,
"Dec 31, 1969 18:00:08.401034000 CST","192.168.1.4","192.168.1.1","17",,,"49153","9",,,,"1088",,"64",,,,
"Dec 31, 1969 18:00:08.401044000 CST",,,,,,,,,,,"14",,,,,,
"Dec 31, 1969 18:00:08.401297000 CST","192.168.1.1","192.168.1.4","17",,,"9","49153",,,,"1088",,"64",,,,
"Dec 31, 1969 18:00:08.402494000 CST",,,,,,,,,,,"14",,,,,,
"Dec 31, 1969 18:00:08.501034000 CST","192.168.1.4","192.168.1.1","17",,,"49153","9",,,,"1088",,"64",,,,
"Dec 31, 1969 18:00:08.501044000 CST",,,,,,,,,,,"14",,,,,,
"Dec 31, 1969 18:00:08.501297000 CST","192.168.1.1","192.168.1.4","17",,,"9","49153",,,,"1088",,"64",,,,
"Dec 31, 1969 18:00:08.502494000 CST",,,,,,,,,,,"14",,,,,,
"Dec 31, 1969 18:00:08.601034000 CST","192.168.1.4","192.168.1.1","17",,,"49153","9",,,,"1088",,"64",,,,
"Dec 31, 1969 18:00:08.601044000 CST",,,,,,,,,,,"14",,,,,,
"Dec 31, 1969 18:00:08.601297000 CST","192.168.1.1","192.168.1.4","17",,,"9","49153",,,,"1088",,"64",,,,
"Dec 31, 1969 18:00:08.602494000 CST",,,,,,,,,,,"14",,,,,,
"Dec 31, 1969 18:00:08.701034000 CST","192.168.1.4","192.168.1.1","17",,,"49153","9",,,,"1088",,"64",,,,
"Dec 31, 1969 18:00:08.701044000 CST",,,,,,,,,,,"14",,,,,,
"Dec 31, 1969 18:00:08.701297000 CST","192.168.1.1","192.168.1.4","17",,,"9","49153",,,,"1088",,"64",,,,
"Dec 31, 1969 18:00:08.702494000 CST",,,,,,,,,,,"14",,,,,,
"Dec 31, 1969 18:00:08.801034000 CST","192.168.1.4","192.168.1.1","17",,,"49153","9",,,,"1088",,"64",,,,
"Dec 31, 1969 18:00:08.801044000 CST",,,,,,,,,,,"14",,,,,,
"Dec 31, 1969 18:00:08.801297000 CST","192.168.1.1","192.168.1.4","17",,,"9","49153",,,,"1088",,"64",,,,
"Dec 31, 1969 18:00:08.802494000 CST",,,,,,,,,,,"14",,,,,,
"Dec 31, 1969 18:00:08.901034000 CST","192.168.1.4","192.168.1.1","17",,,"49153","9",,,,"1088",,"64",,,,
"Dec 31, 1969 18:00:08.901044000 CST",,,,,,,,,,,"14",,,,,,
"Dec 31, 1969 18:00:08.901297000 CST","192.168.1.1","192.168.1.4","17",,,"9","49153",,,,"1088",,"64",,,,
"Dec 31, 1969 18:00:08.902494000 CST",,,,,,,,,,,"14",,,,,,
"Dec 31, 1969 18:00:09.001034000 CST","192.168.1.4","192.168.1.1","17",,,"49153","9",,,,"1088",,"64",,,,
"Dec 31, 1969 18:00:09.001044000 CST",,,,,,,,,,,"14",,,,,,
"Dec 31, 1969 18:00:09.001297000 CST","192.168.1.1","192.168.1.4","17",,,"9","49153",,,,"1088",,"64",,,,
"Dec 31, 1969 18:00:09.002494000 CST",,,,,,,,,,,"14",,,,,,
"Dec 31, 1969 18:00:09.101034000 CST","192.168.1.4","192.168.1.1","17",,,"49153","9",,,,"1088",,"64",,,,
"Dec 31, 1969 18:00:09.101044000 CST",,,,,,,,,,,"14",,,,,,
"Dec 31, 1969 18:00:09.101297000 CST","192.168.1.1","192.168.1.4","17",,,"9","49153",,,,"1088",,"64",,,,
"Dec 31, 1969 18:00:09.102494000 CST",,,,,,,,,,,"14",,,,,,
"Dec 31, 1969 18:00:09.201034000 CST","192.168.1.4","192.168.1.1","17",,,"49153","9",,,,"1088",,"64",,,,
"Dec 31, 1969 18:00:09.201044000 CST",,,,,,,,,,,"14",,,,,,
"Dec 31, 1969 18:00:09.201297000 CST","192.168.1.1","192.168.1.4","17",,,"9","49153",,,,"1088",,"64",,,,
"Dec 31, 1969 18:00:09.202494000 CST",,,,,,,,,,,"14",,,,,,
"Dec 31, 1969 18:00:09.301034000 CST","192.168.1.4","192.168.1.1","17",,,"49153","9",,,,"1088",,"64",,,,
"Dec 31, 1969 18:00:09.301044000 CST",,,,,,,,,,,"14",,,,,,
"Dec 31, 1969 18:00:09.301297000 CST","192.168.1.1","192.168.1.4","17",,,"9","49153",,,,"1088",,"64",,,,
"Dec 31, 1969 18:00:09.302494000 CST",,,,,,,,,,,"14",,,,,,
"Dec 31, 1969 18:00:09.401034000 CST","192.168.1.4","192.168.1.1","17",,,"49153","9",,,,"1088",,"64",,,,
"Dec 31, 1969 18:00:09.401044000 CST",,,,,,,,,,,"14",,,,,,
"Dec 31, 1969 18:00:09.401297000 CST","192.168.1.1","192.168.1.4","17",,,"9","49153",,,,"1088",,"64",,,,
"Dec 31, 1969 18:00:09.402494000 CST",,,,,,,,,,,"14",,,,,,
"Dec 31, 1969 18:00:09.501034000 CST","192.168.1.4","192.168.1.1","17",,,"49153","9",,,,"1088",,"64",,,,
"Dec 31, 1969 18:00:09.501044000 CST",,,,,,,,,,,"14",,,,,,
"Dec 31, 1969 18:00:09.501297000 CST","192.168.1.1","192.168.1.4","17",,,"9","49153",,,,"1088",,"64",,,,
"Dec 31, 1969 18:00:09.502494000 CST",,,,,,,,,,,"14",,,,,,
"Dec 31, 1969 18:00:09.601034000 CST","192.168.1.4","192.168.1.1","17",,,"49153","9",,,,"1088",,"64",,,,
"Dec 31, 1969 18:00:09.601044000 CST",,,,,,,,,,,"14",,,,,,
"Dec 31, 1969 18:00:09.601297000 CST","192.168.1.1","192.168.1.4","17",,,"9","49153",,,,"1088",,"64",,,,
"Dec 31, 1969 18:00:09.602494000 CST",,,,,,,,,,,"14",,,,,,
"Dec 31, 1969 18:00:09.701034000 CST","192.168.1.4","192.168.1.1","17",,,"49153","9",,,,"1088",,"64",,,,
"Dec 31, 1969 18:00:09.701044000 CST",,,,,,,,,,,"14",,,,,,
"Dec 31, 1969 18:00:09.701297000 CST","192.168.1.1","192.168.1.4","17",,,"9","49153",,,,"1088",,"64",,,,
"Dec 31, 1969 18:00:09.702494000 CST",,,,,,,,,,,"14",,,,,,
"Dec 31, 1969 18:00:09.801034000 CST","192.168.1.4","192.168.1.1","17",,,"49153","9",,,,"1088",,"64",,,,
"Dec 31, 1969 18:00:09.801044000 CST",,,,,,,,,,,"14",,,,,,
"Dec 31, 1969 18:00:09.801297000 CST","192.168.1.1","192.168.1.4","17",,,"9","49153",,,,"1088",,"64",,,,
"Dec 31, 1969 18:00:09.802494000 CST",,,,,,,,,,,"14",,,,,,
"Dec 31, 1969 18:00:09.901034000 CST","192.168.1.4","192.168.1.1","17",,,"49153","9",,,,"1088",,"64",,,,
"Dec 31, 1969 18:00:09.901044000 CST",,,,,,,,,,,"14",,,,,,
"Dec 31, 1969 18:00:09.901297000 CST","192.168.1.1","192.168.1.4","17",,,"9","49153",,,,"1088",,"64",,,,
"Dec 31, 1969 18:00:09.902494000 CST",,,,,,,,,,,"14",,,,,,
